DATE;Last Close
27/10/2017;86.7500
30/10/2017;84.9000
02/11/2017;86.3500
03/11/2017;87.2800
06/11/2017;86.7400
07/11/2017;86.4600
08/11/2017;85.5700
09/11/2017;84.1200
10/11/2017;83.8000
13/11/2017;83.2900
14/11/2017;83.6500
15/11/2017;85.5800
16/11/2017;85.4300
17/11/2017;84.8200
20/11/2017;85.2300
21/11/2017;86.0300
22/11/2017;85.4100
24/11/2017;85.7700
27/11/2017;86.0000
28/11/2017;86.7200
29/11/2017;87.2900
30/11/2017;87.1100
01/12/2017;85.4200
04/12/2017;87.9100
06/12/2017;88.7850
07/12/2017;88.1150
11/12/2017;85.9800
12/12/2017;86.9950
13/12/2017;86.3250
14/12/2017;85.5300
15/12/2017;85.3650
18/12/2017;86.7500
19/12/2017;85.7900
20/12/2017;84.9000
21/12/2017;84.9100
22/12/2017;84.6800
27/12/2017;85.3500
28/12/2017;83.6400
29/12/2017;83.5000
05/01/2018;85.6900
09/01/2018;86.8400
10/01/2018;90.0500
12/01/2018;90.5000
16/01/2018;89.9000
18/01/2018;90.3300
19/01/2018;91.6800
24/01/2018;90.6700
25/01/2018;88.1200
26/01/2018;89.4100
29/01/2018;90.4800
30/01/2018;89.8400
31/01/2018;92.5600
01/02/2018;91.1800
02/02/2018;87.8600
05/02/2018;86.6700
07/02/2018;88.3300
08/02/2018;85.4800
09/02/2018;83.2100
12/02/2018;82.6300
13/02/2018;83.5400
14/02/2018;84.4000
15/02/2018;92.7000
16/02/2018;95.3800
20/02/2018;96.9900
21/02/2018;97.4700
22/02/2018;97.5700
23/02/2018;98.1500
26/02/2018;99.0200
27/02/2018;98.6800
28/02/2018;98.2200
01/03/2018;96.9600
02/03/2018;94.1500
05/03/2018;95.8900
06/03/2018;96.4600
07/03/2018;95.9000
08/03/2018;97.3200
09/03/2018;96.9400
12/03/2018;95.9900
13/03/2018;95.3300
14/03/2018;95.2900
15/03/2018;96.9400
16/03/2018;96.5400
19/03/2018;94.2900
20/03/2018;96.3300
21/03/2018;95.6200
22/03/2018;94.4500
23/03/2018;93.0200
26/03/2018;92.9200
27/03/2018;95.2300
28/03/2018;93.7900
29/03/2018;93.8000
03/04/2018;93.7800
04/04/2018;93.0400
05/04/2018;94.6100
06/04/2018;94.4200
09/04/2018;94.4700
10/04/2018;95.1000
11/04/2018;92.3100
12/04/2018;93.2100
13/04/2018;91.7000
16/04/2018;90.5500
17/04/2018;93.0400
18/04/2018;94.6600
19/04/2018;94.5400
20/04/2018;94.2700
24/04/2018;96.4400
25/04/2018;94.9800
26/04/2018;95.8000
27/04/2018;96.6800
30/04/2018;97.0000
02/05/2018;98.1300
03/05/2018;98.2200
04/05/2018;98.6200
07/05/2018;100.3000
08/05/2018;100.1600
09/05/2018;99.0500
11/05/2018;99.5400
14/05/2018;97.0600
15/05/2018;95.9500
16/05/2018;96.3800
17/05/2018;97.9400
18/05/2018;97.8800
22/05/2018;100.9600
23/05/2018;99.2100
25/05/2018;98.2600
30/05/2018;96.4500
01/06/2018;99.0700
04/06/2018;99.2800
05/06/2018;99.2100
06/06/2018;99.9600
07/06/2018;99.7600
08/06/2018;100.7600
11/06/2018;100.6600
12/06/2018;100.4000
13/06/2018;100.1000
14/06/2018;104.4000
15/06/2018;104.0200
18/06/2018;102.1200
19/06/2018;100.7100
20/06/2018;99.8650
22/06/2018;100.2600
25/06/2018;97.5150
26/06/2018;96.8200
27/06/2018;98.8650
28/06/2018;98.4150
29/06/2018;100.4700
02/07/2018;97.9700
03/07/2018;97.6400
05/07/2018;97.8350
06/07/2018;98.7200
09/07/2018;99.4600
10/07/2018;103.1400
11/07/2018;103.3600
12/07/2018;104.8100
13/07/2018;107.2500
16/07/2018;107.1600
17/07/2018;107.6600
18/07/2018;107.3800
19/07/2018;107.1800
20/07/2018;105.9000
23/07/2018;105.3000
24/07/2018;105.9600
25/07/2018;104.9200
26/07/2018;109.9000
27/07/2018;109.0600
30/07/2018;107.1600
31/07/2018;106.3400
01/08/2018;106.6000
02/08/2018;106.5000
03/08/2018;107.8600
07/08/2018;109.0600
08/08/2018;108.0000
09/08/2018;108.7200
10/08/2018;107.7000
13/08/2018;108.0800
14/08/2018;108.0800
16/08/2018;107.6400
17/08/2018;107.9000
20/08/2018;107.7800
21/08/2018;107.5000
22/08/2018;107.5200
23/08/2018;107.6400
24/08/2018;107.4800
27/08/2018;108.0200
28/08/2018;109.1400
29/08/2018;110.1400
30/08/2018;109.0200
31/08/2018;106.4400
04/09/2018;105.1000
05/09/2018;103.2200
06/09/2018;104.5600
07/09/2018;104.6600
10/09/2018;104.8000
11/09/2018;106.7600
12/09/2018;106.4000
13/09/2018;105.3600
14/09/2018;106.1800
17/09/2018;106.4800
18/09/2018;105.1000
19/09/2018;106.2000
20/09/2018;106.6000
21/09/2018;106.9400
24/09/2018;105.7800
25/09/2018;104.9800
26/09/2018;108.5000
27/09/2018;108.8000
28/09/2018;108.3200
01/10/2018;107.4600
02/10/2018;105.9200
03/10/2018;107.3200
04/10/2018;104.8600
05/10/2018;104.0400
08/10/2018;104.1400
09/10/2018;102.8000
10/10/2018;99.1300
11/10/2018;97.8400
12/10/2018;100.0800
15/10/2018;98.2100
16/10/2018;101.6000
17/10/2018;100.8000
18/10/2018;99.1800
19/10/2018;98.0100
22/10/2018;96.5300
23/10/2018;94.5700
24/10/2018;95.1800
25/10/2018;98.2300
29/10/2018;98.2300
30/10/2018;94.1100
31/10/2018;97.7500
02/11/2018;95.5100
05/11/2018;95.3100
06/11/2018;96.0400
07/11/2018;96.2200
08/11/2018;95.9500
09/11/2018;94.7900
12/11/2018;94.3500
13/11/2018;96.6500
14/11/2018;95.4400
15/11/2018;93.7400
16/11/2018;92.9900
19/11/2018;92.5200
20/11/2018;91.1200
21/11/2018;93.1900
23/11/2018;93.3700
26/11/2018;93.9200
27/11/2018;93.9000
28/11/2018;93.3600
29/11/2018;95.2900
30/11/2018;94.6900
03/12/2018;95.8500
04/12/2018;94.3500
06/12/2018;88.5500
07/12/2018;89.1100
10/12/2018;87.5800
11/12/2018;88.9200
12/12/2018;91.4800
13/12/2018;89.9400
14/12/2018;88.6300
17/12/2018;87.6400
18/12/2018;88.8600
19/12/2018;87.3800
20/12/2018;83.4000
21/12/2018;82.7100
27/12/2018;82.1800
28/12/2018;83.1500
02/01/2019;83.9200
03/01/2019;81.4200
04/01/2019;85.3600
07/01/2019;83.3600
08/01/2019;87.1600
09/01/2019;89.7800
10/01/2019;89.3600
11/01/2019;88.4200
14/01/2019;89.8900
15/01/2019;92.2700
16/01/2019;92.4100
17/01/2019;91.8000
18/01/2019;93.5100
22/01/2019;94.4600
23/01/2019;93.8500
24/01/2019;95.8400
25/01/2019;96.7100
28/01/2019;95.3800
29/01/2019;96.0800
30/01/2019;98.9200
31/01/2019;100.2000
01/02/2019;101.1400
04/02/2019;101.2600
05/02/2019;101.9600
06/02/2019;101.9400
07/02/2019;100.1000
08/02/2019;100.1200
11/02/2019;101.8200
12/02/2019;103.0600
13/02/2019;103.7000
14/02/2019;107.7600
15/02/2019;110.9400
19/02/2019;111.0600
20/02/2019;111.0600
21/02/2019;111.4000
22/02/2019;113.8000
25/02/2019;113.1800
26/02/2019;113.2400
27/02/2019;113.4400
28/02/2019;113.7000
01/03/2019;113.9200
04/03/2019;114.1000
05/03/2019;113.2000
06/03/2019;113.6600
07/03/2019;112.6600
08/03/2019;111.8600
11/03/2019;113.0200
12/03/2019;114.5800
13/03/2019;116.7800
14/03/2019;117.0800
15/03/2019;118.1400
18/03/2019;117.0000
19/03/2019;122.5000
20/03/2019;117.6800
21/03/2019;118.5000
22/03/2019;114.9000
25/03/2019;114.4200
26/03/2019;116.8400
27/03/2019;115.3800
28/03/2019;116.1000
29/03/2019;117.9400
01/04/2019;117.8800
02/04/2019;117.0200
03/04/2019;118.6200
04/04/2019;117.7600
05/04/2019;118.7400
08/04/2019;120.8400
09/04/2019;118.8600
10/04/2019;116.8000
11/04/2019;117.5400
12/04/2019;118.6800
15/04/2019;117.1400
16/04/2019;117.7000
17/04/2019;118.9400
18/04/2019;120.3200
23/04/2019;122.4800
24/04/2019;122.2600
25/04/2019;121.9200
26/04/2019;121.8000
29/04/2019;123.2200
30/04/2019;121.7400
02/05/2019;119.9400
03/05/2019;119.7600
06/05/2019;119.7800
07/05/2019;117.4600
08/05/2019;119.1800
09/05/2019;116.6200
10/05/2019;117.1400
13/05/2019;115.2800
14/05/2019;119.1200
15/05/2019;120.5800
16/05/2019;122.7000
17/05/2019;120.9800
20/05/2019;119.1200
21/05/2019;117.5000
22/05/2019;118.1000
23/05/2019;115.0400
24/05/2019;116.7600
28/05/2019;116.2000
29/05/2019;114.0800
30/05/2019;115.2000
31/05/2019;114.8200
03/06/2019;117.0000
04/06/2019;118.4400
05/06/2019;118.1800
06/06/2019;117.9600
07/06/2019;120.9400
11/06/2019;123.2000
12/06/2019;122.6400
13/06/2019;122.7800
14/06/2019;122.0600
17/06/2019;125.0000
18/06/2019;125.3600
19/06/2019;122.9600
20/06/2019;123.5200
21/06/2019;122.8400
24/06/2019;123.1000
25/06/2019;125.0800
26/06/2019;125.3200
27/06/2019;124.2400
28/06/2019;124.9000
01/07/2019;124.5600
02/07/2019;123.2000
03/07/2019;125.4000
05/07/2019;123.9000
08/07/2019;123.8800
09/07/2019;124.3200
10/07/2019;126.0000
11/07/2019;126.0600
12/07/2019;127.2600
15/07/2019;129.2800
16/07/2019;130.9800
17/07/2019;131.8600
18/07/2019;131.8200
19/07/2019;131.4800
22/07/2019;130.7000
23/07/2019;132.4200
24/07/2019;132.4600
25/07/2019;130.6400
26/07/2019;130.5800
29/07/2019;130.2200
30/07/2019;128.3000
31/07/2019;128.7600
01/08/2019;129.4800
02/08/2019;123.6600
05/08/2019;120.8800
06/08/2019;120.3400
07/08/2019;121.7400
08/08/2019;126.5000
09/08/2019;124.8600
12/08/2019;125.1600
13/08/2019;126.5400
14/08/2019;122.0000
15/08/2019;122.2800
16/08/2019;122.8800
19/08/2019;124.6000
20/08/2019;125.8200
21/08/2019;128.0400
22/08/2019;124.5200
23/08/2019;125.1200
26/08/2019;122.8800
27/08/2019;122.6200
28/08/2019;121.8800
29/08/2019;121.7200
30/08/2019;125.7200
03/09/2019;124.5000
04/09/2019;126.0200
05/09/2019;127.3200
06/09/2019;126.6600
09/09/2019;126.7600
10/09/2019;122.6000
11/09/2019;123.2600
12/09/2019;125.1200
13/09/2019;126.0600
16/09/2019;121.3000
17/09/2019;122.0400
18/09/2019;122.8400
19/09/2019;123.8200
20/09/2019;120.0000
23/09/2019;119.6600
24/09/2019;119.1400
25/09/2019;120.6600
26/09/2019;119.2400
27/09/2019;119.0600
30/09/2019;119.2600
01/10/2019;116.6800
02/10/2019;114.4800
03/10/2019;119.7000
04/10/2019;117.8800
07/10/2019;117.0400
08/10/2019;118.1200
09/10/2019;117.2000
10/10/2019;117.9000
11/10/2019;118.8800
14/10/2019;118.2800
15/10/2019;119.8400
16/10/2019;119.6200
17/10/2019;120.3000
18/10/2019;120.4000
21/10/2019;121.7800
22/10/2019;122.0800
23/10/2019;120.2600
24/10/2019;122.5200
25/10/2019;123.5800
28/10/2019;124.9200
29/10/2019;125.8600
30/10/2019;129.7800
31/10/2019;129.0400
01/11/2019;129.8200
04/11/2019;131.1000
05/11/2019;130.1800
06/11/2019;130.9800
07/11/2019;131.9200
08/11/2019;132.5800
11/11/2019;132.8400
12/11/2019;134.8000
13/11/2019;135.2400
14/11/2019;135.9600
15/11/2019;136.6000
18/11/2019;134.5400
19/11/2019;135.4800
20/11/2019;135.3200
21/11/2019;134.3400
22/11/2019;133.7200
25/11/2019;134.5200
26/11/2019;135.5000
27/11/2019;133.7400
29/11/2019;133.5600
02/12/2019;130.3800
03/12/2019;124.4200
04/12/2019;127.7400
05/12/2019;127.0200
06/12/2019;126.9400
09/12/2019;124.6800
10/12/2019;124.0400
11/12/2019;124.3000
12/12/2019;124.4200
13/12/2019;125.9800
16/12/2019;129.1600
17/12/2019;131.3000
18/12/2019;130.5400
19/12/2019;130.5600
20/12/2019;131.5600
23/12/2019;133.1400
27/12/2019;133.1200
30/12/2019;132.2800
02/01/2020;133.4000
03/01/2020;133.7400
06/01/2020;133.8200
07/01/2020;132.3600
08/01/2020;134.3400
09/01/2020;134.9600
10/01/2020;134.1400
13/01/2020;135.3000
14/01/2020;135.9400
15/01/2020;134.2200
16/01/2020;133.5600
17/01/2020;136.4000
21/01/2020;136.4200
22/01/2020;138.1600
23/01/2020;135.8600
24/01/2020;139.1200
27/01/2020;132.8800
28/01/2020;134.3200
29/01/2020;136.5400
30/01/2020;134.8600
31/01/2020;133.4200
03/02/2020;133.6600
04/02/2020;137.7200
05/02/2020;137.0800
06/02/2020;137.0000
07/02/2020;136.7800
10/02/2020;136.9000
11/02/2020;138.0000
12/02/2020;136.3000
13/02/2020;132.4800
14/02/2020;130.1800
18/02/2020;130.2600
19/02/2020;131.7800
20/02/2020;131.8600
21/02/2020;130.6800
24/02/2020;124.6200
25/02/2020;123.6800
26/02/2020;120.7200
27/02/2020;115.2600
28/02/2020;107.6800
02/03/2020;107.6600
03/03/2020;113.4400
04/03/2020;111.2800
05/03/2020;107.1000
06/03/2020;99.9700
09/03/2020;90.7600
10/03/2020;89.8300
11/03/2020;89.4200
12/03/2020;78.6400
13/03/2020;70.6000
16/03/2020;67.7500
17/03/2020;63.0900
18/03/2020;49.0750
19/03/2020;52.6300
20/03/2020;63.0000
23/03/2020;55.2300
24/03/2020;54.9300
25/03/2020;54.7300
26/03/2020;72.8300
27/03/2020;68.0100
30/03/2020;61.3000
31/03/2020;60.1400
01/04/2020;52.5300
02/04/2020;51.8000
03/04/2020;50.0300
06/04/2020;53.5100
07/04/2020;58.6900
08/04/2020;57.7700
09/04/2020;60.0300
14/04/2020;59.9900
15/04/2020;54.7700
16/04/2020;53.6000
17/04/2020;56.7300
20/04/2020;55.5100
21/04/2020;52.0600
22/04/2020;53.6500
23/04/2020;54.4000
24/04/2020;52.5000
27/04/2020;51.5000
28/04/2020;52.7600
29/04/2020;58.3800
30/04/2020;57.6200
04/05/2020;55.0100
05/05/2020;56.9500
06/05/2020;53.6500
07/05/2020;55.3900
08/05/2020;56.2100
11/05/2020;54.2800
12/05/2020;51.8400
13/05/2020;49.4500
14/05/2020;49.7200
15/05/2020;49.3000
18/05/2020;55.5100
19/05/2020;54.4700
20/05/2020;54.9300
21/05/2020;54.6400
22/05/2020;54.0100
26/05/2020;64.6000
27/05/2020;61.2600
28/05/2020;60.3200
29/05/2020;57.0500
02/06/2020;63.4800
03/06/2020;68.0000
04/06/2020;72.6500
05/06/2020;79.7200
08/06/2020;82.1800
09/06/2020;76.0100
10/06/2020;74.7900
11/06/2020;67.0000
12/06/2020;67.2200
15/06/2020;68.2100
16/06/2020;69.7100
17/06/2020;69.0100
18/06/2020;67.9400
19/06/2020;68.7700
22/06/2020;67.2900
23/06/2020;66.7800
24/06/2020;63.0500
25/06/2020;64.2700
26/06/2020;62.0100
29/06/2020;63.9300
30/06/2020;63.0900
01/07/2020;63.1700
02/07/2020;66.6100
06/07/2020;68.3400
07/07/2020;68.3500
08/07/2020;65.7800
09/07/2020;63.7200
10/07/2020;65.4600
13/07/2020;67.6100
14/07/2020;65.8900
15/07/2020;69.8400
16/07/2020;67.1000
17/07/2020;65.9100
20/07/2020;65.8300
21/07/2020;67.6700
22/07/2020;67.0300
23/07/2020;65.4900
24/07/2020;64.0600
27/07/2020;62.2100
28/07/2020;63.8500
29/07/2020;62.7500
30/07/2020;62.7800
31/07/2020;62.6200
03/08/2020;63.6700
04/08/2020;65.3100
05/08/2020;67.8400
06/08/2020;68.3300
07/08/2020;69.1000
10/08/2020;71.9300
11/08/2020;75.9300
12/08/2020;75.2500
13/08/2020;73.4200
14/08/2020;72.2500
17/08/2020;71.5200
18/08/2020;69.3400
19/08/2020;69.9200
20/08/2020;69.2700
21/08/2020;68.7500
24/08/2020;71.9000
25/08/2020;71.8300
26/08/2020;70.4200
27/08/2020;72.0700
28/08/2020;71.4200
31/08/2020;68.7500
01/09/2020;69.3300
02/09/2020;71.9900
03/09/2020;71.8600
04/09/2020;69.9500
08/09/2020;70.9800
09/09/2020;69.3300
10/09/2020;69.1200
11/09/2020;68.9100
14/09/2020;71.1600
15/09/2020;69.4400
16/09/2020;70.5400
17/09/2020;71.2300
18/09/2020;69.0900
21/09/2020;63.9500
22/09/2020;62.8900
23/09/2020;61.7700
24/09/2020;59.6000
25/09/2020;59.7200
28/09/2020;62.4800
29/09/2020;62.6700
30/09/2020;62.3900
01/10/2020;64.7300
02/10/2020;64.7300
05/10/2020;65.8800
06/10/2020;67.9400
07/10/2020;67.0000
08/10/2020;66.8700
09/10/2020;66.8600
12/10/2020;66.0200
13/10/2020;63.6300
14/10/2020;61.9400
15/10/2020;61.6200
16/10/2020;64.3700
19/10/2020;66.0900
20/10/2020;67.0400
21/10/2020;64.2700
22/10/2020;64.3300
23/10/2020;68.1400
27/10/2020;64.2100
28/10/2020;61.4800
29/10/2020;61.5000
30/10/2020;62.6800
02/11/2020;63.0700
03/11/2020;66.3800
04/11/2020;68.8200
05/11/2020;70.3400
06/11/2020;69.9000
09/11/2020;84.5000
10/11/2020;87.7500
11/11/2020;87.0500
12/11/2020;84.8300
13/11/2020;85.8100
16/11/2020;89.9100
17/11/2020;90.1500
18/11/2020;89.7000
19/11/2020;89.3600
20/11/2020;88.4700
23/11/2020;90.3700
24/11/2020;93.3200
25/11/2020;91.8300
27/11/2020;90.4300
30/11/2020;88.2600
01/12/2020;89.2800
02/12/2020;91.1800
03/12/2020;94.6600
04/12/2020;96.2100
07/12/2020;95.3300
08/12/2020;95.0400
09/12/2020;95.0800
10/12/2020;93.8800
11/12/2020;92.3300
14/12/2020;92.1400
15/12/2020;91.3800
16/12/2020;90.8600
17/12/2020;90.1300
18/12/2020;89.5300
21/12/2020;86.7800
22/12/2020;87.6000
23/12/2020;91.9100
28/12/2020;92.2000
29/12/2020;93.3300
30/12/2020;91.5100
04/01/2021;88.7900
05/01/2021;89.6100
06/01/2021;87.9200
07/01/2021;87.6300
08/01/2021;89.7500
11/01/2021;89.2600
12/01/2021;90.0100
13/01/2021;89.5300
14/01/2021;91.7000
15/01/2021;95.5200
19/01/2021;91.1800
20/01/2021;92.4900
21/01/2021;89.6800
22/01/2021;88.7000
25/01/2021;87.0000
26/01/2021;84.1000
27/01/2021;84.2900
28/01/2021;85.1800
29/01/2021;83.5900
01/02/2021;83.2600
02/02/2021;88.6500
03/02/2021;89.7800
04/02/2021;90.7500
05/02/2021;93.4600
08/02/2021;94.1100
09/02/2021;92.2100
10/02/2021;91.5500
11/02/2021;90.9800
12/02/2021;92.0900
16/02/2021;93.8000
17/02/2021;93.8900
18/02/2021;91.3000
19/02/2021;92.4900
22/02/2021;95.7200
23/02/2021;98.9800
24/02/2021;102.7000
25/02/2021;99.0000
26/02/2021;95.4500
01/03/2021;98.3200
02/03/2021;99.1600
03/03/2021;100.1200
04/03/2021;100.4200
05/03/2021;95.9600
08/03/2021;100.4400
09/03/2021;100.3400
10/03/2021;99.1700
11/03/2021;99.0600
12/03/2021;99.9000
15/03/2021;99.9800
16/03/2021;102.0200
17/03/2021;101.5000
18/03/2021;101.0400
19/03/2021;98.4200
22/03/2021;97.1100
23/03/2021;95.7300
24/03/2021;96.1400
25/03/2021;96.5100
26/03/2021;97.5600
29/03/2021;97.3400
30/03/2021;97.7400
31/03/2021;96.7200
01/04/2021;100.2600
06/04/2021;100.4200
07/04/2021;100.7200
08/04/2021;100.9400
09/04/2021;101.3000
12/04/2021;99.8400
13/04/2021;98.5700
14/04/2021;100.3200
15/04/2021;102.5800
16/04/2021;103.5600
19/04/2021;103.0000
20/04/2021;98.1000
21/04/2021;97.6200
22/04/2021;99.5900
23/04/2021;98.5400
26/04/2021;101.3200
27/04/2021;99.6500
28/04/2021;99.4100
29/04/2021;100.3600
30/04/2021;99.8400
03/05/2021;99.6300
04/05/2021;96.8700
05/05/2021;96.9200
06/05/2021;96.3500
07/05/2021;98.2200
10/05/2021;98.3900
11/05/2021;95.8100
12/05/2021;96.7200
13/05/2021;94.3200
14/05/2021;99.3400
17/05/2021;97.0600
18/05/2021;97.2000
19/05/2021;95.2700
20/05/2021;96.2800
21/05/2021;97.8300
25/05/2021;97.6300
26/05/2021;97.7500
27/05/2021;106.8600
28/05/2021;105.3000
01/06/2021;108.8000
02/06/2021;110.5800
03/06/2021;110.1400
04/06/2021;110.1600
07/06/2021;111.3200
08/06/2021;110.7000
09/06/2021;110.8200
10/06/2021;110.5200
11/06/2021;109.3800
14/06/2021;112.5200
15/06/2021;112.9600
16/06/2021;114.1000
17/06/2021;114.5600
18/06/2021;112.5800
21/06/2021;113.2200
22/06/2021;113.1200
23/06/2021;111.5000
24/06/2021;112.1200
25/06/2021;110.2600
28/06/2021;110.1400
29/06/2021;107.0000
30/06/2021;108.5800
01/07/2021;109.7600
02/07/2021;112.3000
06/07/2021;110.7400
07/07/2021;109.7800
08/07/2021;109.1400
09/07/2021;112.9000
12/07/2021;112.6200
13/07/2021;111.3000
14/07/2021;111.2600
15/07/2021;110.3800
16/07/2021;110.5200
19/07/2021;104.1000
20/07/2021;106.4600
21/07/2021;110.6800
22/07/2021;109.7200
23/07/2021;111.8000
26/07/2021;112.2800
27/07/2021;112.4400
28/07/2021;115.1200
29/07/2021;116.1200
30/07/2021;115.9600
02/08/2021;116.8800
03/08/2021;115.0200
04/08/2021;114.4000
05/08/2021;116.7600
06/08/2021;116.8200
09/08/2021;114.8400
10/08/2021;115.1400
11/08/2021;115.7400
12/08/2021;115.2200
13/08/2021;115.5400
16/08/2021;114.6800
17/08/2021;113.4800
18/08/2021;113.4600
19/08/2021;110.3000
20/08/2021;110.4400
23/08/2021;111.9000
24/08/2021;113.4200
25/08/2021;116.1600
26/08/2021;115.1600
27/08/2021;114.9600
30/08/2021;114.8400
31/08/2021;115.6200
01/09/2021;118.1400
02/09/2021;116.9600
03/09/2021;114.7000
07/09/2021;114.1200
08/09/2021;113.7200
09/09/2021;115.3800
10/09/2021;114.4600
13/09/2021;115.1600
14/09/2021;112.6000
15/09/2021;112.5800
16/09/2021;114.7600
17/09/2021;112.4400
20/09/2021;112.1200
21/09/2021;113.0800
22/09/2021;115.6200
23/09/2021;116.5800
24/09/2021;115.2600
27/09/2021;117.9000
28/09/2021;113.4800
29/09/2021;117.0000
30/09/2021;115.3000
01/10/2021;116.9400
04/10/2021;113.5600
05/10/2021;114.7600
06/10/2021;113.1400
07/10/2021;113.8200
08/10/2021;113.3800
11/10/2021;113.6800
12/10/2021;113.2200
13/10/2021;112.1000
14/10/2021;113.1200
15/10/2021;114.8800
18/10/2021;113.4400
19/10/2021;112.2400
20/10/2021;112.2200
21/10/2021;111.5000
22/10/2021;109.9200
25/10/2021;108.0800
27/10/2021;109.8400
28/10/2021;112.0400
29/10/2021;110.4400
01/11/2021;109.4800
02/11/2021;110.4800
03/11/2021;108.2000
04/11/2021;108.7600
05/11/2021;114.0400
08/11/2021;115.4000
09/11/2021;116.2800
10/11/2021;116.3000
11/11/2021;114.6200
12/11/2021;112.4600
15/11/2021;113.9200
16/11/2021;115.1400
17/11/2021;114.6800
18/11/2021;113.4800
19/11/2021;109.6400
22/11/2021;108.8400
23/11/2021;110.4200
24/11/2021;111.5000
26/11/2021;101.1600
29/11/2021;99.7300
30/11/2021;99.1800
01/12/2021;101.9000
02/12/2021;100.8200
03/12/2021;98.2700
06/12/2021;102.9600
07/12/2021;105.6000
08/12/2021;107.5600
09/12/2021;105.8600
10/12/2021;105.9000
13/12/2021;102.9000
14/12/2021;102.8000
15/12/2021;99.9900
16/12/2021;102.7800
17/12/2021;104.3200
20/12/2021;102.3800
21/12/2021;106.5200
22/12/2021;110.9800
23/12/2021;111.5200
27/12/2021;112.5200
28/12/2021;113.4400
29/12/2021;111.9000
30/12/2021;111.9000
03/01/2022;116.0600
04/01/2022;118.8400
05/01/2022;120.4400
06/01/2022;118.4400
07/01/2022;117.6600
10/01/2022;118.4400
11/01/2022;117.9200
12/01/2022;118.5000
13/01/2022;117.0600
14/01/2022;117.1600
18/01/2022;116.0000
19/01/2022;114.6200
20/01/2022;115.3400
21/01/2022;112.8400
24/01/2022;107.8000
25/01/2022;108.2000
26/01/2022;113.8400
27/01/2022;114.0400
28/01/2022;111.4400
31/01/2022;111.7400
01/02/2022;114.8600
02/02/2022;113.2400
03/02/2022;111.4600
04/02/2022;110.4000
07/02/2022;112.6800
08/02/2022;115.5200
09/02/2022;117.2800
10/02/2022;118.3200
11/02/2022;118.3200
14/02/2022;116.4200
15/02/2022;118.1600
16/02/2022;117.8600
17/02/2022;116.3600
18/02/2022;115.0400
22/02/2022;113.7600
23/02/2022;113.5800
24/02/2022;108.7400
25/02/2022;115.4000
28/02/2022;115.5200
01/03/2022;104.4400
02/03/2022;110.3800
03/03/2022;109.3400
04/03/2022;97.2700
07/03/2022;94.0300
08/03/2022;93.9200
09/03/2022;102.7400
10/03/2022;99.6400
11/03/2022;103.5200
14/03/2022;104.8400
15/03/2022;103.2400
16/03/2022;106.9600
17/03/2022;107.3600
18/03/2022;105.5600
21/03/2022;105.2000
22/03/2022;107.7000
23/03/2022;107.0800
24/03/2022;107.4000
25/03/2022;107.6600
28/03/2022;107.6600
29/03/2022;113.4800
30/03/2022;110.9400
31/03/2022;110.6000
01/04/2022;110.9400
04/04/2022;110.3800
05/04/2022;105.0800
06/04/2022;104.1000
07/04/2022;101.6600
08/04/2022;103.8400
11/04/2022;104.1800
12/04/2022;104.4600
13/04/2022;104.2600
14/04/2022;106.5800
19/04/2022;103.9200
20/04/2022;105.8800
21/04/2022;108.8200
22/04/2022;104.7000
25/04/2022;103.1800
26/04/2022;102.1000
27/04/2022;101.8600
28/04/2022;103.0400
29/04/2022;105.7200
02/05/2022;103.6600
03/05/2022;105.8400
04/05/2022;103.1200
05/05/2022;108.8200
06/05/2022;107.9200
09/05/2022;104.3600
10/05/2022;104.9400
11/05/2022;107.2600
12/05/2022;104.4400
13/05/2022;104.5000
16/05/2022;105.8400
17/05/2022;108.0200
18/05/2022;107.8600
19/05/2022;106.7000
20/05/2022;106.9200
23/05/2022;106.8600
24/05/2022;103.2800
25/05/2022;104.9200
26/05/2022;108.9800
27/05/2022;111.8200
31/05/2022;110.8200
01/06/2022;108.1800
02/06/2022;109.0800
03/06/2022;108.5000
07/06/2022;110.3000
08/06/2022;108.1400
09/06/2022;105.5400
10/06/2022;102.3000
13/06/2022;97.3300
14/06/2022;96.2600
15/06/2022;96.4900
16/06/2022;93.2500
17/06/2022;94.8100
22/06/2022;93.3300
23/06/2022;91.1900
24/06/2022;93.0100
27/06/2022;93.3900
28/06/2022;94.9500
29/06/2022;92.2800
30/06/2022;92.2900
01/07/2022;95.4200
05/07/2022;89.4300
06/07/2022;92.3400
07/07/2022;94.4300
08/07/2022;95.9900
11/07/2022;96.8200
12/07/2022;100.9400
13/07/2022;101.1200
14/07/2022;99.6200
15/07/2022;103.8400
18/07/2022;104.2800
19/07/2022;105.8600
20/07/2022;104.8600
21/07/2022;104.5200
22/07/2022;105.6200
25/07/2022;105.6200
26/07/2022;104.9000
27/07/2022;106.0200
28/07/2022;102.6800
29/07/2022;104.9600
01/08/2022;102.6200
02/08/2022;102.9000
03/08/2022;104.0600
04/08/2022;103.6200
05/08/2022;104.2800
08/08/2022;106.1800
09/08/2022;106.3800
10/08/2022;107.6000
11/08/2022;107.5200
12/08/2022;108.2800
15/08/2022;108.7800
16/08/2022;110.8400
17/08/2022;108.0800
18/08/2022;108.4800
19/08/2022;106.2400
22/08/2022;103.4000
23/08/2022;102.6600
24/08/2022;103.2600
25/08/2022;103.9200
26/08/2022;101.8000
29/08/2022;100.3400
30/08/2022;100.4600
31/08/2022;98.2900
01/09/2022;94.8700
02/09/2022;98.9000
06/09/2022;97.1500
07/09/2022;95.7900
08/09/2022;96.2200
09/09/2022;96.2600
12/09/2022;99.6100
13/09/2022;97.5900
14/09/2022;95.6400
15/09/2022;94.9700
16/09/2022;91.6400
19/09/2022;93.3800
20/09/2022;91.9400
21/09/2022;93.2700
22/09/2022;92.3600
23/09/2022;91.8600
26/09/2022;91.4400
27/09/2022;89.9500
28/09/2022;89.2400
29/09/2022;87.9300
30/09/2022;89.0200
03/10/2022;89.3700
04/10/2022;94.6900
05/10/2022;93.3700
06/10/2022;93.0800
07/10/2022;92.4400
10/10/2022;92.8900
11/10/2022;93.6100
12/10/2022;93.2500
13/10/2022;97.0800
14/10/2022;96.7100
17/10/2022;99.3100
18/10/2022;100.4200
19/10/2022;101.0600
20/10/2022;101.3000
21/10/2022;100.9200
24/10/2022;102.6800
25/10/2022;104.3400
;
;
;
;
;
;
;
;
;
;
;
;
;
;
;
;
;
;
;
;
;
;
